detail,id,img_path,img_url,like_num,name,price
设计的灵感来自素馨花，它的花语是：优雅美丽。支持免费刻字，高档礼盒包装，无可挑剔的精美饰品，送给你心中最优雅的女神。,good_1280,,http://img.cocodiy.com/Images/1300/1280s.jpg,13156,花朵奇缘璀璨水晶手链,199.00
水晶内部三个面都可个性定制照片，配合七彩发光旋转底座，折射出绚丽光芒和魔幻般的画面，送女生的浪漫礼物之选。,good_179,,http://img.cocodiy.com/Images/200/179s.jpg,7156,创意水晶照片魔方,97.00
55°恒温加热暖暖杯，杯垫一键开关加热，杯垫上还可以直接放各种水杯、牛奶等加热，冷天里给ta暖暖的关爱。,good_8227,,http://img.cocodiy.com/Images/8300/8227s.jpg,1185,55度恒温暖暖杯,79.00
1314谐音“一生一世”，寓意着一辈子，这款精致简约的保温杯，专为情侣设计，很适合送给最爱的TA，象征着交付彼此的一辈子。,good_7185,,http://img.cocodiy.com/Images/7200/7185s.jpg,2123,1314一生一世情侣杯,118.00
用激光镭射投影的键盘，可蓝牙链接手机、ipad和电脑，你只需要在桌面上敲击镭射的键盘，就可以完成一切实体键盘的功能。黑科技电子产品，很适合送给科技控哦。,good_7839,,http://img.cocodiy.com/Images/7900/7839s.jpg,1367,镭射投影虚拟键盘,199.00
浪漫的水晶钢琴，MP4机芯能下载并播放上百首歌曲，钢琴盖上可以彩印照片和刻字，配合灯座在旋转中变幻颜色，美轮美奂。,good_295,,http://img.cocodiy.com/Images/300/295s.jpg,5938,水晶钢琴音乐盒定制,108.00
看上去是一本书，翻开是一盏灯。不停开合可以变换不同的颜色，创意又浪漫。书本表面可以刻字，让礼物更有专属的意义。,good_5444,,http://img.cocodiy.com/Images/5500/5444s.jpg,3856,创意LED变色书灯,108.00
这是一个可以白天吸收阳光，晚上发光的神奇瓶子，可以定制您自己提供的照片。收集光芒为TA点亮夜晚的温馨，送同学、恋人、朋友都是独一无二的创意之选。,good_378,,http://img.cocodiy.com/Images/400/378s.jpg,12399,照片阳光罐定制,49.00
时光是小偷，偷走回忆，那就定制一个为你储存回忆的胶卷相册吧。换换拉出胶卷，回忆那些过去的美好，五月天《听不到》MV同款哦，只需提供一组照片就可以定制。,good_7559,,http://img.cocodiy.com/Images/7600/7559s.jpg,2016,记忆胶卷相册定制,59.00
可以蓝牙链接手机播放音乐的创意小台灯，轻触台灯的金属环可以开关和调节亮度，灯座上可以免费为您刻字定制图案。为ta点亮一盏不灭的灯，为ta献上一曲动听的音乐。,good_3751,,http://img.cocodiy.com/Images/3800/3751s.jpg,6204,会唱歌的音乐台灯,49.90
各种甜蜜情话的零食大礼包，“余生都是你”、“小心心送给你”……一个大礼包就可以带你吃遍全球，七大洲，四大洋，14国28包人气零食，带给TA不一样的味蕾体验哦。,good_7486,,http://img.cocodiy.com/Images/7500/7486s.jpg,3673,甜蜜情话零食大礼包,98.00
这是一个可以白天收集阳光，晚上发光的神奇瓶子，双色发光和七色发光可选，支持定制照片。,good_154,,http://img.cocodiy.com/Images/200/154s.jpg,13423,存储阳光的罐子,75.00
超大的卡通圣诞袜，麋鹿、雪人、圣诞老人等图案充斥着圣诞的热情，不仅当作摆件挂饰，还可以在里面塞上一件礼物给家人朋友一个惊喜哦。,good_7852,,http://img.cocodiy.com/Images/7900/7852s.jpg,10,圣诞节超大装饰袜子,23.80
水晶寓意透明、纯洁，苹果象征平平安安，圣诞、平安夜送给TA一个水晶苹果，还有独特的音乐盒款式，愿平安和快乐永远伴随着TA。,good_6104,,http://img.cocodiy.com/Images/6200/6104s.jpg,186,水晶平安果摆件,47.06
可爱的圣诞老人玩偶，凸显浓厚的节日氛围，圣诞节、平安夜必备的喜庆小礼物。,good_6095,,http://img.cocodiy.com/Images/6100/6095s.jpg,366,圣诞老人毛绒公仔,30.00
"超迷你的圣诞树,七色炫光彩灯,多种装饰挂件,让圣诞气息传遍每个角落,圣诞节必备的装饰礼物。",good_5944,,http://img.cocodiy.com/Images/6000/5944s.jpg,561,迷你七彩圣诞树 圣诞装饰,68.00
可专属定制爱情符号和文字，男女各一半会相互吸引，合起来就是心形，情侣间必备的浪漫神器。,good_2279,,http://img.cocodiy.com/Images/2300/2279s.jpg,70,韩版心形925银情侣项链,399.00
蓝色的施华洛世奇水晶赋予了它浪漫的情怀，可爱的小鹿戴在手上，森系十足哦，麋鹿代表的是吉祥，所以这条小鹿手链非常适合送人，还有精美礼盒包装，送礼更上档次哦。,good_7626,,http://img.cocodiy.com/Images/7700/7626s.jpg,95,吉祥小鹿水晶手链,79.00
温馨明亮的小屋，矗立在雪花的浪漫氛围中，底座可个性刻字，美轮美奂，当音乐响起，雪花也会飘落哦。,good_6508,,http://img.cocodiy.com/Images/6600/6508s.jpg,134,浪漫雪花球刻字八音盒,88.00
唯美的雪花，就那样在耳朵上圣洁的绽放，采用标准S925银材质，安全不易过敏，老师傅纯手工打造，60颗锆石手工编织，显气质，又浪漫美观，女生戴上十分加分。,good_6827,,http://img.cocodiy.com/Images/6900/6827s.jpg,79,水晶冰花气质耳坠,43.00
许愿树代表了对美好事物的向往与憧憬，颜色简约的银饰，颇有一番小清新与文艺之感，S925银质打造，原创设计，送礼特别，戴上去，少女心十足，而且显得很有气质呢。,good_6823,,http://img.cocodiy.com/Images/6900/6823s.jpg,62,S925许愿树雪花树耳钉,38.00
根据真实火车仿真的玩具模型，模拟避震发音，深受男孩子喜欢的遥控玩具，还有和谐号款式，适合于3岁以上儿童。,good_5169,,http://img.cocodiy.com/Images/5200/5169s.jpg,85,遥控火车轨道玩具,139.00
珍珠一直是女性的代表，925银的链子搭配淡水小珍珠，倍感女人味，又透露出一种清新的风格，年轻女性不可错过喔。,good_5520,,http://img.cocodiy.com/Images/5600/5520s.jpg,316,韩版淡水珍珠项链,159.00
独特的流沙设计好玩又好看，圣诞主题装饰，适用于苹果7/8/8plus，圣诞节必备个性礼物。,good_6026,,http://img.cocodiy.com/Images/6100/6026s.jpg,27,iphone圣诞流沙手机外壳,19.80
可任意DIY文字和字母的创意夜灯，表达爱意、节日纪念的高逼格装饰，把你想说的话用夜灯点亮给TA吧。,good_5443,,http://img.cocodiy.com/Images/5500/5443s.jpg,35,北欧极简卡片装饰灯,68.00
150支实木画笔套装，里面包含彩铅、水彩笔、油画棒、蜡笔、水粉等多种工具， 应有尽有，送给孩子，让他成为天才的小画家。,good_6923,,http://img.cocodiy.com/Images/7000/6923s.jpg,45,实木绘画套装礼盒,65.00
小孩子最喜欢的精致手表，粉色公主色彩，真皮表带、学习、生活不可缺少的必备礼物。,good_769,,http://img.cocodiy.com/Images/800/769s.jpg,552,韩版粉嫩学生手表,39.90
告白气球+鲜花花束的惊喜礼盒，可以作为表白之选，给TA惊喜和感动，也可以送给恋人，告诉她，对她的爱一直不变。,good_7918,,http://img.cocodiy.com/Images/8000/7918s.jpg,6,告白气球鲜花花束,138.00
可爱小兔子造型的夜灯，一拍就亮，再拍就关，可发七彩光，如此萌物值得你拥有。,good_5068,,http://img.cocodiy.com/Images/5100/5068s.jpg,43,咪兔拍拍小夜灯,59.00
冬天，杯子里的水就会凉的格外快哦，有了这个加热杯垫，这个冬天杯子就不会再冷了呢，USB一端插入电脑忌口，热垫就会持续加热，呵护你的胃，温暖你的心。,good_6822,,http://img.cocodiy.com/Images/6900/6822s.jpg,45,自动恒温加热杯垫,28.00
多颗星星围绕而成的锁骨吊坠，电镀铂金材质永不褪色，让TA像繁星一样闪耀迷人，送女友、闺蜜都很合适。,good_6084,,http://img.cocodiy.com/Images/6100/6084s.jpg,350,璀璨繁星铂金锁骨吊坠,238.00
这款可以支持私人订制的爱心抱枕，可以把自己最喜欢的相片印在上面，支持双面定制，绝对的物超所值。,good_7065,,http://img.cocodiy.com/Images/7100/7065s.jpg,11,爱心照片抱枕定制,36.00
最新潮最流行的儿童书包，可爱的小黄人造型更是小孩子的最爱，是增进孩子感情的可爱萌物。,good_5330,,http://img.cocodiy.com/Images/5400/5330s.jpg,167,韩版卡通小黄人书包,99.00
圣诞树火树银花LED夜灯，内部一条LED灯线盘旋， 可以自己随意凹造型，亮灯的那一刻，仿佛把星星都收集了起来，实在是浪漫生活必备品。,good_7315,,http://img.cocodiy.com/Images/7400/7315s.jpg,122,火树银花LED装饰灯,156.60
两心相连，代表心意相连、感情一致，表链可刻字，公主范儿十足，适合于年轻女性、女学生佩戴。,good_5462,,http://img.cocodiy.com/Images/5500/5462s.jpg,357,心心相连刻字女表,118.00
萌萌哒的卡通蝴蝶结包包，活泼可爱多色可选，可装零钱和杂物，单肩斜挎两用，适合6-12岁儿童。,good_5518,,http://img.cocodiy.com/Images/5600/5518s.jpg,835,卡通蝴蝶结女童包包,69.00
每一块手表都能反映出戴表人的品位与性格，美学元素混合现代与梦幻的设计灵感，色彩纯净，夜光指针晚上同样方便实用，女士佩戴起来，清新可人。,good_7738,,http://img.cocodiy.com/Images/7800/7738s.jpg,140,珍珠陶瓷夜光女表,298.00
可爱的公主包包，长毛小虎纹专为冬季设计，是宝宝外出游玩和日常休闲的必备礼物，圣诞节、春节送孩子的一份惊喜。,good_5866,,http://img.cocodiy.com/Images/5900/5866s.jpg,218,精灵城堡毛绒公主斜挎包,69.80
幸运的四叶草表盘，纯手工镶嵌奢雅奥地利水钻，璀璨大气，给您大气奢雅体验，附送原装礼盒。,good_751,,http://img.cocodiy.com/Images/800/751s.jpg,144,四叶草机械奥钻手表,108.00
埃菲尔铁塔代表着浪漫，和对爱情的忠贞不渝，送给心爱的ta最佳礼物之选，可免费刻字，让礼物更具纪念意义。,good_4952,,http://img.cocodiy.com/Images/5000/4952s.jpg,568,水晶埃菲尔铁塔 浪漫礼物,98.00
小小的方块，就可以带给你整个温暖的冬天哟。采用PTC铝波纹发热器，热能高效，可调节支架，调节暖风吹的角度，小巧便携更简约，实用又显细心。,good_6861,,http://img.cocodiy.com/Images/6900/6861s.jpg,59,便携式迷你空调,48.00
根据法国巴黎时尚元素设计而成，奢华气息扑面而来，彰显女人的气质和稳重，是适合成熟女性的精致礼物。,good_5251,,http://img.cocodiy.com/Images/5300/5251s.jpg,126,欧美奢华女士手拿包,128.00
迪士尼米奇系列，可爱的图案彰显甜蜜气息，表盘内镶精美水钻，真皮表带佩戴舒适，小淑女范儿十足，女孩子戴上一定秀气又文静。,good_6254,,http://img.cocodiy.com/Images/6300/6254s.jpg,400,迪士尼米奇学生女表,98.00
高端、大气、上档次的娃娃套装玩具，拥有12种风格可选，让孩子其乐无穷，培养孩子的动手能力，适合3岁以上儿童。,good_5187,,http://img.cocodiy.com/Images/5200/5187s.jpg,770,梦幻衣橱洋娃娃套装,98.00
可爱的大脸猫咪布偶，萌萌的微笑还配有精致可爱的铃铛，让你一看到它就会舒心、愉悦，不可多得的暖心伴侣。,good_5303,,http://img.cocodiy.com/Images/5400/5303s.jpg,929,可爱大脸猫超萌布偶公仔,41.00
柔软的羊绒围巾，可以在秋冬季节保暖还能为整体的搭配增添一抹亮色，多种颜色可供选择，是送男友最好的选择。,good_8225,,http://img.cocodiy.com/Images/8300/8225s.jpg,25,秋冬男士羊绒围巾,288.00
晶莹的水滴形状，传递出女人柔情似水的美，锆石采用浮动式设计，可以随着身躯不停的转动，犹如跳舞一般，电镀铂金材质，可以作为一份恒久的爱礼，送出档次，更送出你的爱意。,good_6452,,http://img.cocodiy.com/Images/6500/6452s.jpg,188,会跳舞的爱心水滴吊坠,398.00
十二星座主题的双面化妆镜，彩色图案唯美梦幻，送同学、闺蜜、朋友的实用小礼物。,good_194,,http://img.cocodiy.com/Images/200/194s.jpg,289,十二星座主题化妆镜,39.00
超萌超可爱的能量小熊来袭，除了充电外更是日常很亮眼的小挂饰，卡哇伊得让人心醉，女生专属的充电宝，为你的生活增添无限趣味。,good_2594,,http://img.cocodiy.com/Images/2600/2594s.jpg,309,能量小熊迷你充电宝,99.19
925纯银制成，搭配紫水晶更显清新和浪漫，爱心形状点缀更加充满爱意，送女友、老婆的浪漫礼物。,good_5417,,http://img.cocodiy.com/Images/5500/5417s.jpg,419,925银心形紫水晶爱心手链,139.90
电影捉妖记中的超萌玩物，生动可爱，是送给女性的贴心可爱礼物。,good_5470,,http://img.cocodiy.com/Images/5500/5470s.jpg,528,超萌胡巴公仔布娃娃,56.00
超高档的儿童拼装玩具，高达主题更加炫酷，开发小孩子的智力和动手能力，小男孩必备的童年礼物。,good_5186,,http://img.cocodiy.com/Images/5200/5186s.jpg,51,SD高达系列拼装模型玩具,116.00
传说，幸福是由一个水晶球载着，旋转木马的浪漫迎着，在晚上，你就会看到七彩的灯光陆续变换，寓意着美好与幸福，送给身边的人，感谢他们来到我的生命中。,good_6830,,http://img.cocodiy.com/Images/6900/6830s.jpg,156,旋转木马水晶球八音盒,128.00
萌萌哒可爱的精灵夜灯，可手捏变形，手机智能遥控多种颜色灯光，送女友、女生的流行礼物。,good_5541,,http://img.cocodiy.com/Images/5600/5541s.jpg,317,可爱精灵智能小夜灯,59.00
火爆全球的卡通小黄人，3D立体造型，搪胶材质耐摔耐放，从小培养孩子存钱习惯，好玩又实用的卡通萌物。,good_5607,,http://img.cocodiy.com/Images/5700/5607s.jpg,365,小黄人储钱罐摆件,25.90
风靡社会的超萌小黄人主题水杯，不锈钢保温，便携实用，送给孩子和童心未泯的大人全都适合。,good_2500,,http://img.cocodiy.com/Images/2600/2500s.jpg,329,小黄人儿童保温水杯,49.00
普罗旺斯的紫色浪漫花海，巴黎铁塔的浪漫不羁，精灵有爱的格林花园，欧式浪漫的庄园，总有一款能让TA喜欢。,good_5012,,http://img.cocodiy.com/Images/5100/5012s.jpg,638,DIY微景观卡通乐园,58.00
托帕石被誉为爱情与友谊之石，搭配纯银材质更显精致，展现女性的柔美气质，送女友、老婆、闺蜜的精美礼物，尾坠还可以刻字哦。,good_3142,,http://img.cocodiy.com/Images/3200/3142s.jpg,677,天然托帕石纯银吊坠,326.00
可语音播报的创意存钱罐，自动识别硬币币值，更有趣味脑力游戏，让孩子在准确的理财下快乐成长，送给孩子的必备礼物。,good_5898,,http://img.cocodiy.com/Images/5900/5898s.jpg,382,创意梦想智慧屋存钱罐,68.00
优质的榉木与纯手工玻璃制成的小鹿夜灯，外观极具观赏性与趣味性，整体光线柔和不刺眼，可以很好的打造温馨的家居氛围，送礼自留都是很不错的选择。,good_7294,,http://img.cocodiy.com/Images/7300/7294s.jpg,160,北欧实木麋鹿夜灯,135.00
能让你倚着、靠着的大号毛绒公仔，让你身边多一个知心玩伴，无论送女友还是送孩子都非常不错。,good_6013,,http://img.cocodiy.com/Images/6100/6013s.jpg,196,可爱卡通鳄鱼大号公仔,39.00
可爱小喵台灯化妆镜，一物两用喔，可随意拉伸变幻，底部还可当作收纳盒，不怕温差变化，送闺蜜、女生必备的小萌物。,good_5269,,http://img.cocodiy.com/Images/5300/5269s.jpg,386,萌宠小喵台灯化妆镜,148.00
韩版女孩卡通书包，超萌的可爱图案，皮优材质，适合比较小的孩子佩戴。,good_1250,,http://img.cocodiy.com/Images/1300/1250s.jpg,1125,韩版卡通可爱女童书包,78.40
创意的9口味卡通造型寓意“爱你一辈子，长长久久”，送女友、爱人、闺蜜的浪漫礼物。,good_5617,,http://img.cocodiy.com/Images/5700/5617s.jpg,206,怡浓卡通手工巧克力礼盒,99.90
情侣款式的口哨项链，可以吹出属于你们的暗语，支持个性刻字，让彼此的爱更具心意，情侣间必备喔。,good_4896,,http://img.cocodiy.com/Images/4900/4896s.jpg,318,爱的呼唤情侣吊坠 口哨项链,129.00
高档大气的真皮钱包，时尚鳄鱼纹理，大容量体积可存放卡包，送女友、老婆、妈妈的贴心礼物。,good_5250,,http://img.cocodiy.com/Images/5300/5250s.jpg,330,女士真皮折叠钱夹,119.00
你的卧室里应该有这样一件十分温暖的宝贝哦，只需要提供照片，打开灯就可以看得到的甜蜜回忆，匠人精心雕刻制作，满满的心意与纪念价值，非常适合送给重要的人哦，是很有意义的装饰礼物。,good_7620,,http://img.cocodiy.com/Images/7700/7620s.jpg,114,北欧风照片相框夜灯,186.00
只需提供照片即可完成定制，把彼此最美好的瞬间留给最爱的人，男生是军牌项链，彰显阳刚，女生是心形项链，彰显甜美，情侣间必备哦。,good_7677,,http://img.cocodiy.com/Images/7700/7677s.jpg,122,纯银情侣照片项链,179.00
纯正钨金材质，刀刮不花，永不磨损，支持创意刻字，精美包装，送男友老公的霸气饰品。,good_5005,,http://img.cocodiy.com/Images/5100/5005s.jpg,168,潮男钨金霸气吊坠 个性刻字,108.00
小女孩最喜欢的可爱造型，时尚清新，甜美蝴蝶结更具公主气质，是女孩子的专属礼物。,good_2509,,http://img.cocodiy.com/Images/2600/2509s.jpg,531,迪士尼公主卡通女童手表,148.00
温馨的法国咖啡别墅，夜晚能发出温馨的灯光，手工拼装更具真实感，送女孩子、女生的另一个家。,good_5431,,http://img.cocodiy.com/Images/5500/5431s.jpg,1119,咖啡之旅手工拼装小屋,258.00
卡通造型的3D暖手宝，加厚PP绵更加舒适，8分钟速热，萌萌哒的暖心神器，赶快送给你心爱的她吧!,good_5894,,http://img.cocodiy.com/Images/5900/5894s.jpg,39,超贝3D卡通暖手宝 温暖神器,49.90
哆啦a梦卡通零食礼包，内含34种52包零食组合，还有Kitty、米米兔等主题可选，送小朋友、闺蜜、女友都很合适喔。,good_5636,,http://img.cocodiy.com/Images/5700/5636s.jpg,517,儿童卡通零食大礼包,78.96
S925纯银制成，送鉴定证书，龙图腾吊坠霸气十足，，多种链身可选，送男性的时尚个性之选。,good_1257,,http://img.cocodiy.com/Images/1300/1257s.jpg,286,925银男士霸气项链,159.00
一朵永不凋谢的爱情之花永生花，代表爱情的恒久永远，精巧蝴蝶结玫瑰礼盒，送给最挚爱之人。,good_4930,,http://img.cocodiy.com/Images/5000/4930s.jpg,38,永生玫瑰花礼盒,699.00
艾力克智能机器人，语音、负重、舞蹈、巡逻、对讲等多种强大功能，红外线天眼自动认路，陪伴孩子成长的最温暖伴侣，高品质的玩具才能让孩子更加健康的成长。,good_6297,,http://img.cocodiy.com/Images/6300/6297s.jpg,211,艾力克智能遥控机器人,298.00
专为儿童设计的智能手表，可GPS定位防走失，可与手机微信对讲，还有打电话的功能，送给孩子童年的最好礼物。,good_4359,,http://img.cocodiy.com/Images/4400/4359s.jpg,891,儿童智能GPS彩屏手表,99.00
实木方块的高品质音乐盒，上面铭刻神秘摩尔斯密码，解码后的明文是“I LOVE YOU”，送给心爱之人饱含深情的礼物。,good_303,,http://img.cocodiy.com/Images/400/303s.jpg,576,摩尔斯代码音乐盒,169.00
每个女性心理都有一个公主梦，会跳动的皇冠项链，把灵动的美送给她，生日、节日送女性的必备礼物。,good_5062,,http://img.cocodiy.com/Images/5100/5062s.jpg,937,心跳皇冠镶钻项链,159.00
杯身印有1314，代表“一生一世“，情侣主题系列，黑、白、橙多种颜色可选，是告白的利器，送TA一杯子，许TA一辈子。,good_7604,,http://img.cocodiy.com/Images/7700/7604s.jpg,824,1314情侣马克杯,28.90
天真可爱的雪人宝宝瞬间融化你的内心，圣诞主题欢乐缤纷，增添室内氛围，送孩子的可爱小礼物。,good_6016,,http://img.cocodiy.com/Images/6100/6016s.jpg,59,圣诞雪人毛绒公仔,39.00
当国瓷青花遇上了餐具，特色而又实用，非常显心意，还有多种中国风款式可选，适合送老外以及福利发放。,good_4089,,http://img.cocodiy.com/Images/4100/4089s.jpg,184,中国风陶瓷餐具礼盒,24.60
一款可以插电加热的暖手桌垫，在冬天不再让ta的小手冰凉。可爱的卡通图案，非常适合送女生的冬日关心礼物。,good_6996,,http://img.cocodiy.com/Images/7000/6996s.jpg,30,暖手电脑桌暖桌垫,50.90
爱神之锤又名“一字锤”，代表着一心一意，赶紧送他表白心意。钨金材质，永不磨损永不变形，可个性刻字。,good_5006,,http://img.cocodiy.com/Images/5100/5006s.jpg,237,爱神之锤男士钨金刻字吊坠,99.00
清新甜美的立体魔方尽显甜美优雅，让你如花仙子般美丽绽放。生日、节日送女性的浪漫高雅之选。,good_6326,,http://img.cocodiy.com/Images/6400/6326s.jpg,740,悦动之心魔方手链,109.00
创意星空图案的马卡龙礼盒，法式浪漫，9粒装精美礼盒，送给吃货的浪漫之选。,good_5585,,http://img.cocodiy.com/Images/5600/5585s.jpg,64,星空马卡龙礼盒,59.98
机器猫主题的糖果礼包，带你进入哆啦A梦和大雄的世界，送小孩子不一样的零食礼物。,good_5668,,http://img.cocodiy.com/Images/5700/5668s.jpg,340,哆啦A梦创意糖果大礼包,29.50
樱花飘落的速度，是每秒5厘米。 而距离你5厘米的我，却说不出我爱你， 多年之后，依然期待，一个转身，就能遇见你。,good_5342,,http://img.cocodiy.com/Images/5400/5342s.jpg,396,雪樱花珍珠纯银手镯,198.00
史上最可爱的个性充电宝，迷彩图案，更有情侣搭配款式，无论自用还是送人都是难得一见的个性好礼物。,good_5084,,http://img.cocodiy.com/Images/5100/5084s.jpg,429,小恶魔潮流手机充电宝,129.00
S925纯银戒指手工制作，樱花为天然珍珠母贝，开口设计方便调节，日系小清新，适合甜美森系清新的姑娘。,good_1287,,http://img.cocodiy.com/Images/1300/1287s.jpg,573,天然珍珠母贝樱花戒指,69.00
圣诞老人+圣诞树+圣诞雪人的毛巾三件套，主题礼盒包装，送同学、送朋友、送老师一份最好的圣诞纪念。,good_7848,,http://img.cocodiy.com/Images/7900/7848s.jpg,46,圣诞毛巾小礼盒,19.80
天然绿檀木雕花梳子，花语的设计象征着圆满的爱情，梳齿用着没有太过锋利的感觉，与头皮亲密接触还有按摩作用，送女友、老婆很有爱喔。,good_1911,,http://img.cocodiy.com/Images/2000/1911s.jpg,158,天然雕花檀木梳子,142.00
北欧榉木风相框灯，遥控开关、暖色光源，为房间增添温暖气氛，精美的包装+有心的设计，让它不失为一件好礼物哦。,good_7731,,http://img.cocodiy.com/Images/7800/7731s.jpg,178,LED榉木相框夜灯,135.00
一杯子谐音“一辈子”，代表一辈子相恋，送女友的浪漫礼物首选。,good_1967,,http://img.cocodiy.com/Images/2000/1967s.jpg,434,一辈子杯子刻字项链,69.90
超萌的红色巴士造型的10000毫安移动电源，个性的伦敦色彩风格，优雅掩藏不了的萌动，完全符合航空管理标准，安全带上飞机，旅行再也无需担心电量问题。,good_8402,,http://img.cocodiy.com/Images/8500/8402s.jpg,13,超萌巴士移动电源,89.00
XBoy公仔横空出世，创意炫酷的音响，独一无二的创意礼物，既是时尚摆件也是桌面精灵，还是品质卓越的迷你音响。,good_5171,,http://img.cocodiy.com/Images/5200/5171s.jpg,221,XBoy公仔创意无线蓝牙音响,198.00
一款可以在晚上投影出彩虹的小夜灯，晚上打开非常唯美浪漫，快给ta一个彩虹似的梦。,good_7796,,http://img.cocodiy.com/Images/7800/7796s.jpg,335,浪漫彩虹投影灯,35.90
儿童户外运动首选，给孩子不一样的童年，让孩子远离电子游戏的侵蚀，爱上户外运动，和小伙伴们一起玩起来吧。,good_1034,,http://img.cocodiy.com/Images/1100/1034s.jpg,777,迪士尼儿童闪光滑板车,159.00
这是一个抱着爱心的可爱泰迪熊公仔，爱心上写有“我爱你1314”、“生日快乐”、“开心每一天”等祝福语，为你传达爱意和心意，给她大大的惊喜和安全感。,good_81,,http://img.cocodiy.com/Images/100/81s.jpg,873,抱心泰迪熊毛绒公仔,98.00
适合4-12周岁小女孩的公主化妆套装，过家家装扮、参加舞台表演必备，满足孩子对美的追求，从小培养孩子的自信和气质，满足每个女宝宝的公主梦。,good_5076,,http://img.cocodiy.com/Images/5100/5076s.jpg,1331,迪士尼儿童彩妆化妆盒,78.00
风靡亚洲的时尚手镯，精致玫瑰花设计极具时尚美感，开口自由调节，还可专属刻字。,good_1222,,http://img.cocodiy.com/Images/1300/1222s.jpg,516,淡雅玫瑰千足银手镯,358.00
沙漏代表时间、美好的回忆和纯真的感情，支持个性刻字、定制图案，夜晚可发光，送恋人朋友的创意礼物。,good_3746,,http://img.cocodiy.com/Images/3800/3746s.jpg,986,钻石版水晶夜光沙漏,118.00
耳钉一共有七种款式，让你每一天的心情都可以不同搭配，925银打造，表层电镀处理，更加光亮闪耀，独一份的用心。不同款式不同含义，外包装是精美的书本式礼盒包装，送给女友的创意浪漫礼物。,good_8387,,http://img.cocodiy.com/Images/8400/8387s.jpg,99,一周星期耳钉礼盒,128.00
时下最流行的英雄联盟游戏主题定制，可选择不同方案，ZIPPO品牌更显大气，送给男生、男友以及游戏迷的流行礼物。,good_5192,,http://img.cocodiy.com/Images/5200/5192s.jpg,262,英雄联盟定制版打火机,58.00
蓝牙技术，抛开线的束缚，电脑手机平板笔记本在卧室，人却可以在厨房、客厅、洗手间，做任何你想做的事。,good_4881,,http://img.cocodiy.com/Images/4900/4881s.jpg,641,无线头戴式蓝牙耳机,109.90
幸运星代表着好运常伴，精巧玲珑的设计搭配手链式表带，是送给女友、女性朋友的时尚佳品。,good_772,,http://img.cocodiy.com/Images/800/772s.jpg,664,玲珑幸运星手链表,128.00
独一无二的立方锆石造型，突出自然清新的淡雅风格，S925银链身，还有高档礼盒包装，送女性的高品味礼物喔。,good_2734,,http://img.cocodiy.com/Images/2800/2734s.jpg,785,链爱925银锆石手链,189.00
"既是车模，又是蓝牙音响，原车1:18比例车模外形,车身表面高档UV工艺处理，内置FM调频收音机、语音提示、免提通话等功能，送男性最霸气的电子礼物。",good_5752,,http://img.cocodiy.com/Images/5800/5752s.jpg,323,布加迪车模蓝牙音响,368.00
香槟玫瑰花的花语：爱上你是我今生最大的幸福。33朵玫瑰花语：爱你三生三世。,good_1696,,http://img.cocodiy.com/Images/1700/1696s.jpg,439,33朵紅玫瑰花束,138.00
音箱会随着音乐的节奏喷出炫彩的水柱，在彩色LED灯的映衬下，显得格外美丽。,good_153,,http://img.cocodiy.com/Images/200/153s.jpg,586,七彩水舞喷水音响,99.00
一个超级魔性又无聊的盒子，有意思的是，这只小老虎发出的愤怒的咆哮声不按套路出牌，有时盖上盖子又会突然冒出头来，相当逗比，减压、解闷儿的小神器喔。,good_6435,,http://img.cocodiy.com/Images/6500/6435s.jpg,436,魔性小老虎玩具盒子,168.00
精美手提式马口铁礼盒包装的德芙巧克力，礼盒上可以定制您自己提供的照片哦，送礼非常的惊喜和独一无二。,good_3537,,http://img.cocodiy.com/Images/3600/3537s.jpg,1828,德芙巧克力照片礼盒,39.80
送给Hello Kitty控女生的可爱公仔礼物，精美礼品袋包装，送人有面子。,good_4911,,http://img.cocodiy.com/Images/5000/4911s.jpg,1973,Hello Kitty毛绒公仔,42.00
日本富士正品，一次成像胶片相机，按下快门就能马上得到照片，即拍即现。高档礼盒包装，送礼首选。,good_2644,,http://img.cocodiy.com/Images/2700/2644s.jpg,319,富士拍立得迷你胶片相机,469.00
26颗不同图案的巧克力，在黑色的高贵下，洋溢着激情的炙热之心，可专属刻字，美感、质感、口感兼备。,good_3535,,http://img.cocodiy.com/Images/3600/3535s.jpg,200,克罗心巧克力礼盒,49.90
可调光的卡通夜灯，超萌的大白样式，学习生活的小助手，送给孩子、女生、女友的创意礼物。,good_5110,,http://img.cocodiy.com/Images/5200/5110s.jpg,848,创意卡通大白台灯,19.90
钢琴造型的音乐盒，实木材质，钢琴盖上可根据您的要求刻字和定制图案，原木色、白色、黑色、粉色四种颜色可选，送女生的浪漫之选。,good_7150,,http://img.cocodiy.com/Images/7200/7150s.jpg,77,实木刻字钢琴音乐盒,99.00
圣诞节是一个有着想象中的圣诞老人、小鹿还有圣诞树的节日，漫天雪花纷纷落下，可是个送礼物的好季节，小鹿和雪花在手链上形成浪漫的圣诞节景观。,good_6852,,http://img.cocodiy.com/Images/6900/6852s.jpg,228,圣诞雪花小鹿手链,49.00
篮球架+篮球套装，高度可自由调节，适合0-12岁小朋友。安装简单便捷，亲子互动，宝宝运动玩具的第一选择。,good_1064,,http://img.cocodiy.com/Images/1100/1064s.jpg,266,儿童可升降篮球架玩具,89.00
新一代萌宠”可爱垂耳兔“降临，萌萌哒超可爱瞬间融化你的内心，多种款式可选择，有了它，生活再也不孤单。银行卡的取款记录能删除吗,good_5329,,http://img.cocodiy.com/Images/5400/5329s.jpg,767,可爱垂耳兔毛绒布娃娃,42.00
超萌卡通表情的巧克力礼盒，可DIY免费改字，纯可可脂牛奶味，代写卡片，精美礼盒包装。,good_3600,,http://img.cocodiy.com/Images/3700/3600s.jpg,192,卡通表情巧克力礼盒,39.90
风靡社会的三眼机械手表，潮男必备，做工精细、防水，是升学、休闲必备的流行礼物。,good_4464,,http://img.cocodiy.com/Images/4500/4464s.jpg,201,韩版时尚男士机械表,98.00
将法国斗牛犬的憨厚外表和充电宝功能相结合，狗链还可以当作钥匙扣，8800毫安小体积大容量，把独一无二的充电宝送给TA。,good_8473,,http://img.cocodiy.com/Images/8500/8473s.jpg,123,斗牛犬公仔充电宝,158.00
钻石和心形完美融为一体，彰显着独特的浪漫气息，更能个性刻字，节日、生日、示爱全靠它了。,good_1086,,http://img.cocodiy.com/Images/1100/1086s.jpg,1091,满天星心形镶钻项链,138.00
施华洛世奇玻璃鞋水晶手镯，十二星座尾坠可选，文艺范儿的设计承载出纯真的心，适合送给女友、老婆，还很适合送给闺蜜和朋友喔。,good_466,,http://img.cocodiy.com/Images/500/466s.jpg,977,玻璃鞋水晶星座手镯,130.00
超可爱的hello kitty充电宝，blingbling的闪钻夺人眼球，12000毫安超大容量，送给你身边的软妹子。,good_3911,,http://img.cocodiy.com/Images/4000/3911s.jpg,1898,KT猫超萌充电宝,80.00
木质小屋造型的存钱罐，可根据您的要求刻字，附赠攒幸福宣言卡，礼盒包装，把你们的幸福攒起来。,good_252,,http://img.cocodiy.com/Images/300/252s.jpg,611,刻字小木屋存钱罐,48.00
神奇万能的多啦a萌公仔，它能帮你实现所有的小心愿。免费代写贺卡，礼品袋包装。,good_265,,http://img.cocodiy.com/Images/300/265s.jpg,1074,哆啦a梦机器猫公仔,55.00
双面羊绒超保暖面料，既可以当围巾还可以当披肩，精品礼盒包装，提供印花、贺卡定制，送给中青年女性的大气之选。,good_5943,,http://img.cocodiy.com/Images/6000/5943s.jpg,114,凌克羊绒围巾披肩,268.00
桌式足球是风靡欧美的体育玩具，只需双手操纵球杆，锻炼反应和敏捷，培养孩子的足球兴趣，是和孩子一起玩耍的最佳伴侣。,good_1941,,http://img.cocodiy.com/Images/2000/1941s.jpg,682,儿童迷你桌式足球,150.00
小熊的眼睛、耳朵、嘴巴、手掌上装有磁铁，能做出不听不说不看的可爱造型，称为害羞熊，送朋友闺蜜的创意玩具礼物。,good_3260,,http://img.cocodiy.com/Images/3300/3260s.jpg,1242,不听不说不看害羞熊公仔,69.00
一款获得过德国工业设计大奖红点奖的智能灯，靠近两个磁力小球吸附的时候，灯就能被点亮。同样，只需将下面的磁力小球移开，就能关灯。,good_5974,,http://img.cocodiy.com/Images/6000/5974s.jpg,16,智能磁力平衡磁吸灯,179.00
翩翩起舞的蝴蝶搭配转运珠，优雅中透露着幸运，璀璨的施华洛世奇水晶，典雅秀气，是送礼的气质之选。,good_464,,http://img.cocodiy.com/Images/500/464s.jpg,231,蝶戏金珠水晶手链,169.00
它是一幅画，也是一盏灯，更是一个美妙的故事，立体剪影式的画框设计，不仅神秘梦幻，还是一件高档的艺术品，居家送礼都可适用。,good_6099,,http://img.cocodiy.com/Images/6100/6099s.jpg,542,3D立体剪影纸雕灯,99.00
晶莹剔透宝石切面搭配动感时尚的造型与音质清澈结合在一起，绝对是视觉以及听觉上的享受，很适合当做礼物送给喜欢音乐的朋友。,good_7172,,http://img.cocodiy.com/Images/7200/7172s.jpg,39,创意炫彩魔球音响,108.00
你的名字、我的世界等多种主题的文艺礼盒，内含毕加索钢笔和笔记本，可珍藏可纪念，文青必备哦。,good_2043,,http://img.cocodiy.com/Images/2100/2043s.jpg,233,ipluso女生文艺钢笔礼盒,188.00
一体多用的神器，适合所有电视和电脑，在家娱乐健身两不误，居家生活必备。,good_5060,,http://img.cocodiy.com/Images/5100/5060s.jpg,949,茗邦高清双人舞毯,238.00
最经典的毛绒玩具，永不褪去的可爱，送泰迪熊给女孩子代表“我想与你在一起”，送给小朋友代表关心和关爱。,good_1943,,http://img.cocodiy.com/Images/2000/1943s.jpg,2205,玫瑰绒正版毛衣泰迪熊,80.00
100%全身头层牛皮，皮质柔软手感好，时尚款式紧跟潮流，送男友、老公的贴身礼物。,good_3240,,http://img.cocodiy.com/Images/3300/3240s.jpg,290,袋鼠男士竖款钱包 长款钱夹,225.00
Hello kitty主题的便携化妆镜，同时它还是一个充电宝哦。最大的特点就是镜子自带LED灯光，随时随地可以补妆，送爱美的MM们最为合适啦。,good_1707,,http://img.cocodiy.com/Images/1800/1707s.jpg,460,可爱Kitty LED化妆镜,129.00
韩版潮流女表，精钢表带制成，时尚水钻镶嵌，性价比超高，适合年轻一族、女学生佩戴的精品礼物。,good_748,,http://img.cocodiy.com/Images/800/748s.jpg,435,满天星玫瑰金腕表,138.00
100%头层牛皮材质，可免费激光刻字，可自主设计，小体积、大容量，照片、驾驶证、钞票多种物品通通装得下，更适合送给青年男性喔。,good_7596,,http://img.cocodiy.com/Images/7600/7596s.jpg,310,七匹狼男士刻字钱包,128.00
太阳的后裔宋仲基同款，军牌可任意定制文字内容，彰显男士霸气和个性，生日、节日必备喔。,good_5369,,http://img.cocodiy.com/Images/5400/5369s.jpg,332,男士钛钢军牌项链 可刻字,28.00
纯木质的办公笔插，还可当作手机座，更是高品质的蓝牙音响，一体多用的神器，送同学、同事、老师的最佳礼物。,good_5558,,http://img.cocodiy.com/Images/5600/5558s.jpg,644,创意大象蓝牙音响手机座,149.00
圣诞节主题的水晶球音乐盒，会360度旋转，还有飘雪和彩灯效果，平安夜圣诞节送ta这个经典的礼物错不了。,good_6348,,http://img.cocodiy.com/Images/6400/6348s.jpg,122,圣诞老人水晶球音乐盒,36.90
一款可以在水杯上定制你们的名字的情侣保温杯，无论英文字母还是汉字姓氏都可以定制，专属定制，热恋中情侣值得拥有。,good_381,,http://img.cocodiy.com/Images/400/381s.jpg,416,名字定制情侣保温杯,138.00
它是颜值出众的智能伴睡灯，只要抚手来回，就能控制开关，省去夜起开灯麻烦，每分钟16次循环明暗变化，同步人体呼吸频率，有效放松并改善睡眠，快送给你身边的TA吧。,good_7772,,http://img.cocodiy.com/Images/7800/7772s.jpg,550,智能感应伴睡夜灯,199.00
瑞士军刀是男人刚强、野性、魅力的象征，每个男人都应该拥有一把瑞士军刀。,good_1494,,http://img.cocodiy.com/Images/1500/1494s.jpg,558,原装正品瑞士军刀,177.00
可个性定制4张照片的风车水晶，360度旋转，生日、婚庆、纪念必不可少的礼物之一，送礼的最佳选择。,good_6259,,http://img.cocodiy.com/Images/6300/6259s.jpg,795,DIY照片水晶风车摆件,28.00
雷诺正品，玫瑰金手表+玫瑰金手链2件套礼盒，潮流时髦，表表心意，送给你最挚爱的她。,good_8341,,http://img.cocodiy.com/Images/8400/8341s.jpg,15,雷诺女士手表手链礼盒,816.00
这是熊叫做“思念熊”，胸口一个大大的爱心，表达你对她的思念之情。泰迪熊的衣服还可以根据你的要求定制图案哦，送女孩子必送的经典爱情礼物。,good_79,,http://img.cocodiy.com/Images/100/79s.jpg,480,超大号泰迪熊毛绒公仔,165.00
浪漫蜡烛配合深情的表白，感动女神就是如此简单，浪漫的创意，催泪的神器，适合表白、生日、求婚。,good_1790,,http://img.cocodiy.com/Images/1800/1790s.jpg,744,浪漫表白创意蜡烛套餐,55.00
是暖脚宝更是萌萌哒的毛绒玩具，让你在秋冬季节不再寒冷，暖由脚生，送给女性的贴心礼物。,good_5654,,http://img.cocodiy.com/Images/5700/5654s.jpg,187,超萌卡通电热暖脚宝 暖脚神器,39.90
当两颗半心碰在一起时，就会发出“I LOVE YOU”的声音，情侣专属的个性礼物，送精美礼盒。,good_819,,http://img.cocodiy.com/Images/900/819s.jpg,658,情侣半心发声钥匙扣,58.00
星座主题的夜光图案雕刻，可以方便你在黑暗中找到目标。温度感应镀膜瞬间测试准确温度，不必担心烫口。可来图定制。,good_5144,,http://img.cocodiy.com/Images/5200/5144s.jpg,629,十二星座夜光杯,29.00
连接音频设备后，音箱会随着音乐的节奏喷出炫彩的水柱，在彩色LED灯的映衬下，显得格外震撼。,good_157,,http://img.cocodiy.com/Images/200/157s.jpg,873,水舞七彩灯喷水音响,168.00
高档进口皮革收纳盒，女士收纳首饰饰品必备，可爱公主风设计，实用礼物之选。,good_1271,,http://img.cocodiy.com/Images/1300/1271s.jpg,1376,高档韩国公主风首饰收纳盒,169.00
简约时尚的女士手表，适合年轻女性佩戴，清新时尚的气质让你瞬间提升魅力，送女性的精美礼物。,good_2249,,http://img.cocodiy.com/Images/2300/2249s.jpg,814,韩版时尚真皮女士手表,138.00
可个性定制图案和刻字的复古式打火机，经典的打火方式，专属的定制方式，送男友、老公的创意礼物。,good_5277,,http://img.cocodiy.com/Images/5300/5277s.jpg,543,DIY刻字电弧打火机,39.90
神秘的星空酒，摇一摇酒瓶，就能呈现变幻的银河星空，紫色葡萄、红色蜜桃、蓝色蓝莓和粉色草莓4种口味可选，浪漫之夜如何缺少的了它。,good_7175,,http://img.cocodiy.com/Images/7200/7175s.jpg,230,创意梦幻星空酒,36.80
萌萌的稻草人向你张开怀抱，发出温暖柔和的灯光，只需触碰一下即可开启，还有独特的睡眠模式，底座是可爱的微景观，还可个性刻字，在每个夜晚带去最温心的守护。,good_6344,,http://img.cocodiy.com/Images/6400/6344s.jpg,1984,稻草人智能感应小夜灯,39.00
根据月球表面真实还原的表盘，满足宇宙星空探索者的好奇心，逼格满满，可搭配情侣款，提供文字、刻度、纪念日定制，送给与众不同的TA。,good_6244,,http://img.cocodiy.com/Images/6300/6244s.jpg,182,月球表面创意手表,349.00
简约大气，经典百搭，不磨损不变色，可免费刻字，送时尚型男友的个性礼物。,good_5018,,http://img.cocodiy.com/Images/5100/5018s.jpg,403,男士钨金霸气戒指,59.90
心心相印代表永不分离，采用浮动式的高档水晶镶嵌，可以随着身体不停的晃动，闪耀精致，铂金的电镀表面，点缀出浪漫、高雅的饰品，让你们的心连在一起，永不分离。,good_2319,,http://img.cocodiy.com/Images/2400/2319s.jpg,925,施华洛世奇心心相印项坠,398.00
每个生肖都有自己的专属寓意，灵气十足的萌态形象，搭配施华洛世奇水晶镶嵌，表面是铂金材质，可爱又时尚的戒指，送给你身边的TA。,good_2753,,http://img.cocodiy.com/Images/2800/2753s.jpg,1170,十二生肖铂金开口戒指,378.00
唯美浪漫的薰衣草手链，采用奥地利水晶，多色可选，高档礼盒包装，送女性小资时尚的气质礼物。,good_123,,http://img.cocodiy.com/Images/200/123s.jpg,1511,浪漫薰衣草水晶手链,149.00
超萌的喵星人，大脸可爱造型，尺寸和颜色可根据您的需要选择，猫奴们最爱的礼物。,good_1641,,http://img.cocodiy.com/Images/1700/1641s.jpg,2102,可爱大脸猫毛绒公仔,78.00
送她四叶草就代表着送她幸福，施华洛世奇水晶锆石镶嵌，纯银的纤细链身，温婉又清新可人，很适合森系女生佩戴哦。,good_8407,,http://img.cocodiy.com/Images/8500/8407s.jpg,141,四叶草纯银森系手链,159.00
实木封面的相册，封面上可个性专属定制文字和图案，一份永久保存的礼物。,good_4845,,http://img.cocodiy.com/Images/4900/4845s.jpg,645,DIY手工粘贴相册,44.90
当下最热的海贼王动漫主题，镂空纸雕工艺，不仅是LED小夜灯更是一件精美的摆件，动漫迷、海贼迷不可错过喔。,good_6512,,http://img.cocodiy.com/Images/6600/6512s.jpg,192,海贼王光影纸雕灯,78.00
Ta是一款特别的音乐盒，更是一款特别的灯，旋转的水晶球配上优雅的旋律，还可以刻上专属的祝福，生日、节日的都有惊喜。,good_7902,,http://img.cocodiy.com/Images/8000/7902s.jpg,80,麋鹿水晶球音乐盒,187.00
每天一款耳钉，给她每天一种心情，925纯银材质的耳饰礼盒，还可专属定制贺卡，送女友、闺蜜和爱美的女性。,good_6556,,http://img.cocodiy.com/Images/6600/6556s.jpg,809,一星期耳钉甜美礼盒,129.00
可爱的泰迪熊公仔组成的卡通花束，里面可以自由赠送搭配精装香皂花或者巧克力，让女生一见倾心的礼物。,good_15,,http://img.cocodiy.com/Images/100/15s.jpg,1285,泰迪熊公仔卡通花束,99.00
选自巴黎蒙马特爱心墙，300种语言的我爱你作为衬衫领标，手工爱心刺绣，送男友、老公独具心意。,good_8468,,http://img.cocodiy.com/Images/8500/8468s.jpg,95,蒙马特世界情话衬衫,149.00
三款可爱的胖嘟嘟萌宠暖手充电宝，粉红猪、灰萌兔和棕法斗，是暖手宝更是移动电源，送女友、女生最贴心的温暖礼物。,good_5896,,http://img.cocodiy.com/Images/5900/5896s.jpg,985,可爱胖宠暖手充电宝,148.00
经典的卡通龙猫一直是女生所喜爱的可爱玩物，无论小女孩还是童心未泯的女性都很适合。,good_5327,,http://img.cocodiy.com/Images/5400/5327s.jpg,1016,超大龙猫毛绒公仔抱枕,41.00
梅花代表着孤傲，小巧的花瓣淡雅迷人，手链长短可自由调节，不也一样的个性手链，送女友、女生都很适合。,good_2004,,http://img.cocodiy.com/Images/2100/2004s.jpg,2922,淡雅梅花纯银手链,119.90
这是一个摇一摇就能点火的智能炫酷打火机，不用充气不用燃油，USB充电仅需2小时左右，就可使用一周 ，支持免费刻字，可以带上飞机的打火机。,good_127,,http://img.cocodiy.com/Images/200/127s.jpg,1202,智能感应电子打火机,59.00
可以旋转发光的投影灯，在晚上可以把你们的照片和星空投影满整个房间，非常浪漫，震撼，感动。,good_5000,,http://img.cocodiy.com/Images/5100/5000s.jpg,1312,浪漫星空旋转投影灯,31.00
每一个男人都有一把剃须刀，为他定制专属的图案和文字，把最具心意的礼物呈现给他。,good_1098,,http://img.cocodiy.com/Images/1100/1098s.jpg,367,DIY定制个性充电宝剃须刀,238.00
还记得那些年，一起仰望的星空么？酷似星空的火树银花夜灯，散发出多色彩光，搭配唯美的玻璃罩更加唯美梦幻，快送给你身边的人吧。,good_4963,,http://img.cocodiy.com/Images/5000/4963s.jpg,1008,火树银花流光音乐灯,158.00
能个性定制英雄联盟图案，七彩炫酷发光，送男生、朋友、游戏爱好者的创意礼物。,good_5430,,http://img.cocodiy.com/Images/5500/5430s.jpg,859,英雄联盟定制水晶 炫彩发光,38.00
这只是一杯酷似牛奶的灯而已，定时熄灭功能，无声陪伴你睡前的牛奶时光，只要连按两下就可以进入定时模式，一份治愈系的暖心礼物，给她买一个会发光的牛奶瓶吧。,good_8401,,http://img.cocodiy.com/Images/8500/8401s.jpg,222,少女心牛奶小夜灯,59.00
瑞士秘调香草白巧 + 日本国宝宇治抹茶，珍贵食材，纯手工、新鲜现做，懂吃、会吃的您，一吃就会爱上它。,good_6375,,http://img.cocodiy.com/Images/6400/6375s.jpg,900,日本抹茶生鲜巧克力礼盒,59.00
抱着“我爱你”爱心的泰迪熊，可以发七彩光，也可以蓝牙链接手机播放浪漫音乐，唯美浪漫的礼物。,good_4799,,http://img.cocodiy.com/Images/4800/4799s.jpg,2478,音乐发光爱心抱抱熊,88.00
榉木相框搭配各式星座图案，夜晚为房间装饰出温馨的一笔，送恋人、同学都很合适喔。,good_6085,,http://img.cocodiy.com/Images/6100/6085s.jpg,1503,十二星座梦幻相框灯,164.00
提供您自己的照片，商家会为您定制出一副上千个不同编号的圆点图，然后自己动手将对应编号的图钉插入图纸上的圆点，画面就会慢慢地呈现在你面前。定制你心目中最喜欢的TA，感动又惊喜的神器。,good_6177,,http://img.cocodiy.com/Images/6200/6177s.jpg,499,创意照片图钉画,338.00
925纯银制成，多颗闪耀锆石镶嵌，让你如星星般闪耀动人，是女性最爱的浪漫礼物。,good_5221,,http://img.cocodiy.com/Images/5300/5221s.jpg,1277,四叶草奢华镶钻项链,238.00
只需触摸或摇晃即可发亮的小夜灯，宫崎骏龙猫精灵可爱呆萌，灯光柔和更有辅助睡眠的作用，赶快入手一个吧！,good_5811,,http://img.cocodiy.com/Images/5900/5811s.jpg,2608,微景观龙猫小夜灯,58.00
薰衣草的含义：等待爱情，等待你来爱我。送心爱的女子一个充满了薰衣草芳草的泰迪熊，给她来自你爱的呵护。,good_280,,http://img.cocodiy.com/Images/300/280s.jpg,2003,紫色薰衣草泰迪熊,86.00
一款冬日取暖神器，迷你小巧，但却能2秒速热快速取暖，60°暖风，冬日里给ta一件暖人心窝的礼物。,good_6282,,http://img.cocodiy.com/Images/6300/6282s.jpg,44,抱抱暖风机,128.00
只需提供照片即可定制出逼真的软陶人偶，还原度超高，无论任何年龄皆可制作，作为专属的纪念和收藏，最具创意的定制礼物。,good_6198,,http://img.cocodiy.com/Images/6200/6198s.jpg,584,浪漫满屋真人公仔定制,438.00
蓝晶石象征着美丽、智慧与荣耀，上面有金光闪闪的发光物，让人爱不释手，搭配玫瑰金表盘更显时尚，爱美女性必备的时尚尤物。,good_5514,,http://img.cocodiy.com/Images/5600/5514s.jpg,1028,璀璨星际玫瑰金女表,128.00
可爱的景观内置在一个迷你玻璃球内，可悬挂可摆放，360°无死角观赏。带声控灯，轻敲玻璃球灯即亮再轻敲即灭。,good_3219,,http://img.cocodiy.com/Images/3300/3219s.jpg,1926,苔藓微景观生态瓶,39.90
手链谐音“守恋”，有守候恋情、忠贞不渝的意思，送自己心爱女人必选的浪漫礼物。,good_2003,,http://img.cocodiy.com/Images/2100/2003s.jpg,1404,浪漫之心纯银手链,116.90
它是浪漫唯美的台灯，也是HIFI级音效的音响，更是是梦幻的音乐精灵，在每个寂静的长夜守护和陪伴你，春夏秋冬，浅唱低吟，兼容电脑、手机等各种数码设备。,good_5812,,http://img.cocodiy.com/Images/5900/5812s.jpg,1185,智能感应魔灯音响,39.80
时下最流行的便携式冷喷蒸脸器，在干燥的季节随时补水，做一个水一般的女子，肌肤时刻水润鲜活，送礼自用均可。,good_4927,,http://img.cocodiy.com/Images/5000/4927s.jpg,853,纳米喷雾补水仪,49.80
爱她就送她一盒满满的猪饲料吧，多国精选零食，手写明信片+金箔玫瑰，送女友、女生都很合适哦。,good_8406,,http://img.cocodiy.com/Images/8500/8406s.jpg,74,猪饲料网红零食礼包,69.90
独一无二的微景观可爱水杯，卡通风格图案可爱精巧，又能喝水又能赏玩的水杯，送女友、女生的贴心小礼物。,good_6070,,http://img.cocodiy.com/Images/6100/6070s.jpg,2383,微景观陶瓷马克杯,29.80
十二星座主题手链，给不同星座的人不同的幸运，背面支持免费刻字，气质立马提升，送老公、男友、朋友均可。,good_5039,,http://img.cocodiy.com/Images/5100/5039s.jpg,791,十二星座钛钢皮绳手链,13.90
提供您自己的照片定做的个性拼图哦，12寸A4大小，送高档雕花相框。,good_948,,http://img.cocodiy.com/Images/1000/948s.jpg,816,创意照片个性拼图定制,46.00
彰显气质的飞科电动刮胡刀，浮动三刀头，轻触式开关，可充电可水洗，男士实用礼品。,good_614,,http://img.cocodiy.com/Images/700/614s.jpg,1157,飞科水洗三头剃须刀,189.00
会发声的情侣钥匙扣，当两心相碰时，即说“I LOVE YOU”，送给ta，把你们的心连接在一起。,good_234,,http://img.cocodiy.com/Images/300/234s.jpg,1423,创意发声情侣钥匙扣,68.00
是水晶车模，更是蓝牙音箱，底座上可个性定制祝福语，车头还可以定制车牌号，送爱车男人的专属礼物。,good_5414,,http://img.cocodiy.com/Images/5500/5414s.jpg,1221,水晶车模蓝牙音箱,125.00
只需按一下手柄处的按钮，轻轻一按，自动搅拌，不锈钢材质，懒人必备，好玩又实用的马克杯。,good_5816,,http://img.cocodiy.com/Images/5900/5816s.jpg,886,自动搅拌咖啡杯,59.00
早上就是起不了床怎么办？科学家发明了一种带有轮子能“跑”的创意闹钟，即使是那些最懒的赖床者，也能被闹钟“揪”起来。,good_4415,,http://img.cocodiy.com/Images/4500/4415s.jpg,1719,会跑的疯狂闹钟,43.00
猫眼石Cat's eye是珠宝中稀有而名贵的品种，它常被认为是好运气的象征，人们相信它会保护主人健康长寿，免于贫困。,good_4901,,http://img.cocodiy.com/Images/5000/4901s.jpg,1035,猫眼石泰银手镯,238.00
提供一组照片，定制在胶卷里的创意相册，当胶卷被缓缓拉开，暖暖的回忆被渐渐唤醒，给TA一个惊喜，浪漫主题包装，恋人朋友之间必备的感动神器。,good_6170,,http://img.cocodiy.com/Images/6200/6170s.jpg,1246,DIY记忆胶卷相册,39.80
在晚上可投影星空图的浪漫小闹钟，还会唱歌，美妙的音乐，绚丽的星空，如此如诗如梦般的夜晚。,good_3151,,http://img.cocodiy.com/Images/3200/3151s.jpg,1613,星空音乐投影闹钟 夜光钟,38.00
向喜欢女生表白专属的零食大礼包一整箱，各种撩人的情话：“零食归你，你归我”、“不能陪伴你，我就喂饱你”……混装了各种休闲美味小零食，让吃货的她一次吃个够。,good_7670,,http://img.cocodiy.com/Images/7700/7670s.jpg,180,情话表白零食大礼包,129.00
晶莹剔透的水晶，配合音乐灯座，美轮美奂。水晶内部可内雕图案和文字，送女生生日礼物、纪念礼物、示爱礼物皆宜。,good_3398,,http://img.cocodiy.com/Images/3400/3398s.jpg,1414,爱心水晶音乐灯,29.00
私定少女心专有记忆礼盒，内含胶卷相册（提供相片定制）、梦幻樱花粉灯、粉色无线遥控器、粉色魔力钥匙扣相册，送给她一盒满满的少女心。,good_7845,,http://img.cocodiy.com/Images/7900/7845s.jpg,284,胶卷相册樱花灯礼盒,169.00
晶莹剔透的水晶球内3D雕刻水母，搭配可发七彩光的旋转音乐底座，炫彩浪漫的礼物。,good_2053,,http://img.cocodiy.com/Images/2100/2053s.jpg,2886,水母旋转八音盒摆件,80.00
提供照片定制的人形兔子抱枕，配上立体的面部造型，或笑，或哭，或搞怪，或清新，送朋友，心上人，宝宝，特别的礼物，送给特别的ta。,good_7510,,http://img.cocodiy.com/Images/7600/7510s.jpg,1588,人形照片兔子公仔抱枕,89.00
全金属材质，双排的LED灯显示时间，户外运动防水，最佳创意手表。,good_4889,,http://img.cocodiy.com/Images/4900/4889s.jpg,973,LED创意手腕手表 个性学生表,89.00
佩戴黑曜石可避邪，可消除病气浊气霉气，带给人健康快乐，有「黑金刚武士」之美誉。,good_4164,,http://img.cocodiy.com/Images/4200/4164s.jpg,1151,黑曜石狼牙吊坠 情侣护身符,129.00
真皮DIY相册，棕色毛毡设计，配有心形点缀，更显完美大方，复古的金属吊坠，可手工插页，独一无二的纪念礼物。,good_1174,,http://img.cocodiy.com/Images/1200/1174s.jpg,716,DIY真皮手工活页相册,38.80
磁悬浮黑科技月球灯，隐藏式触控开关，立体还原月球表面，既是台灯又是创意摆件，是送礼的高档之选。,good_8496,,http://img.cocodiy.com/Images/8500/8496s.jpg,18,磁悬浮3D月球灯,1099.00
既是化妆镜，也是台灯，LED镜面式发光让她在化妆时感受最佳的光线，呈现完美妆容，平时还可作为床头灯、装饰品摆设，高格调、高气质的创意礼物。,good_957,,http://img.cocodiy.com/Images/1000/957s.jpg,1497,创意LED台灯化妆镜,169.00
超萌超可爱大眼猪毛绒公仔，它还是一个暖手抱枕，双手可以插入小猪的肚子里取暖，寒冬降至，送我的猪这个礼物再合适不错了。,good_7266,,http://img.cocodiy.com/Images/7300/7266s.jpg,121,超萌小猪暖手抱枕,38.00
嘈杂的世界充斥着各种味道，我还是喜欢干净的味道，10种不同味道的香水小样礼盒，每一种都有她独特的故事，樱花少女、怦然心动等系列，送闺蜜、送女友都可以哦。,good_7445,,http://img.cocodiy.com/Images/7500/7445s.jpg,2024,初见女生文艺香水礼盒,79.00
送打火机代表“红红火火”“点燃了爱情之火”的意思。可定制图案和刻字，无论他是否抽烟，都是极力推荐的创意好礼物。,good_158,,http://img.cocodiy.com/Images/200/158s.jpg,1792,DIY定制照片打火机,85.00
花花公子女士专用钢笔，超纤细笔身，多种颜色可选，精美礼盒包装。送钢笔不但可以笔墨传情，更可以表达对她的认可。,good_4950,,http://img.cocodiy.com/Images/5000/4950s.jpg,4144,花花公子女士钢笔墨水礼盒,168.00
送围巾代表“给你最温暖的爱”的含义，适合亲密的男女送礼。一款非常适合年轻人佩戴的围巾，精美礼盒包装，送给你的小鲜肉吧。,good_1569,,http://img.cocodiy.com/Images/1600/1569s.jpg,1039,男士百搭青年围巾,59.00
萌气的3D立体动物图案，纯手工彩绘，带你领略不一样的可爱风情，让你从此爱上喝水，是独一无二的创意杯子。,good_5122,,http://img.cocodiy.com/Images/5200/5122s.jpg,837,3D立体动物马克杯,39.00
摆放在桌面的速热暖手垫，20秒加热，无论办公学习还是家居使用都方便温暖，让ta的冬季不再小手冰凉。,good_5900,,http://img.cocodiy.com/Images/6000/5900s.jpg,712,卡通电热暖桌垫,58.00
充满神秘和惊喜的创意月球灯，由最新3D打印技术根据真实月球打印，球体表面凹凸有致，还原月亮的真实相貌，送给身边的人，让TA把月亮捧在手心。,good_6220,,http://img.cocodiy.com/Images/6300/6220s.jpg,1378,3D打印月球灯,98.80
正品毕加索钢笔+墨水礼盒，可免费刻字，送礼更个性，送钢笔代表对他/她的认可和尊重。,good_1952,,http://img.cocodiy.com/Images/2000/1952s.jpg,1449,毕加索高档钢笔墨水礼盒,128.00
可实时显示水温，杯子水温不同，爱心球会发蓝橙红三种不同颜色，可免费刻字，惊喜又实用的好礼物。,good_3862,,http://img.cocodiy.com/Images/3900/3862s.jpg,1508,爱心触摸感应杯,89.00
可以在夜间发七彩光的可爱抱枕，自动变幻不同颜色，美轮美奂。星星、心形、熊掌等不同形状可选，还可以外插mp3播放音乐。,good_281,,http://img.cocodiy.com/Images/300/281s.jpg,6269,七彩音乐发光抱枕,26.00
炫酷跑车外型设计，透明外壳加彩色LED灯，无线蓝牙功能……亮点太多，它是一件让人hold不住的好礼物。,good_5747,,http://img.cocodiy.com/Images/5800/5747s.jpg,1588,七彩发光跑车蓝牙音响,76.00
沙漏象征着爱情、友谊和幸福，水晶象征纯洁。水晶沙漏代表纯洁的情谊，支持个性刻字、定制图案，多种颜色可选。,good_1926,,http://img.cocodiy.com/Images/2000/1926s.jpg,4549,创意水晶沙漏 个性刻字,100.00
随着音乐响起，唯美梦幻的木马开始旋转，天空之城、生日快乐、我心永恒等多首经典曲目可选，独特的拉丝彩灯美轮美奂。,good_309,,http://img.cocodiy.com/Images/400/309s.jpg,6093,浪漫旋转木马音乐盒,129.00
星座控专属的巧克力礼盒，每款都有专属的星座符号，夹心草莓味，独特的星座主题礼盒包装，还有星座专属卡片赠送哦。,good_1178,,http://img.cocodiy.com/Images/1200/1178s.jpg,3024,十二星座巧克力礼盒,148.00
提供你自己的照片，店家就能提供纯人工手绘人物素描画，黑白彩绘任你选择，非常高的相似度，还送相框哦。,good_4906,,http://img.cocodiy.com/Images/5000/4906s.jpg,2354,手绘真人彩色肖像画,60.00
英雄正品钢笔，采用瑞士进口笔头包装，书写流畅，搭配墨水更显档次，笔身可专属刻字，更适合于纪念和馈赠。,good_2040,,http://img.cocodiy.com/Images/2100/2040s.jpg,3861,英雄钢笔墨水礼盒,198.00
你以为它是普通的手表？其实它还是高逼格的打火机，向下滑动即可完成点火，回头率百分之二百的拉风神器，送男友、同学、朋友全都不错喔！,good_3635,,http://img.cocodiy.com/Images/3700/3635s.jpg,2406,创意打火机手表,49.80
美轮美奂的3D水晶，可定制图案或照片，个性雕刻祝福语，送给亲友、恋人的惊喜魔幻礼物。,good_5359,,http://img.cocodiy.com/Images/5400/5359s.jpg,3473,3D水晶音乐玫瑰花,48.00
温暖的灯光照进小屋，到处都是普罗旺斯的浪漫气氛，上下铺床造型，LED灯光，可自己DIY拼装，带你进入梦幻般的世界。,good_1927,,http://img.cocodiy.com/Images/2000/1927s.jpg,5569,普罗旺斯手工拼装别墅,127.00
哈利波特同款欧式复古羽毛笔套装，内含羽毛笔、墨水、火漆印，高档礼盒包装，一件来自中世纪的礼物送给有内涵的ta。,good_6129,,http://img.cocodiy.com/Images/6200/6129s.jpg,2671,欧式复古羽毛笔套装,26.50
高级K9水晶汽车模型，兰博基尼、保时捷、奥迪、路虎等名车可选，可定制车牌和车标，底座上可刻祝福语，送男性的最佳礼品。,good_383,,http://img.cocodiy.com/Images/400/383s.jpg,7541,创意水晶跑车车模,128.00
一款会凌空悬浮、会自转、会发光的科技礼物，它是一个地球仪，更是一个小夜灯，科技感十足，实用与创意兼具。,good_4947,,http://img.cocodiy.com/Images/5000/4947s.jpg,6348,磁悬浮地球仪灯,118.00
源于17世纪欧洲的天气预测器“Storm Glass”， 当瓶中液体清澈干净，代表天气晴朗； 当瓶中液体混浊朦胧，代表天空多云阴郁； 当瓶中出现大片结晶，代表将降温甚至下雪。,good_4980,,http://img.cocodiy.com/Images/5000/4980s.jpg,11687,粉红爱心天气预报瓶,44.30
七彩色的神器瓶子，带你穿越浪漫静好的星际，太阳能电池板光感自动开关，晚上即可发出七彩光芒，惊喜、浪漫、温馨有木有？,good_5675,,http://img.cocodiy.com/Images/5700/5675s.jpg,4306,来自星星的阳光存储罐,55.00
能在夜晚的房间里投影星空的创意灯，在家就能看满天繁星，享受浪漫满屋的感觉，送ta一个美丽的夜空。,good_160,,http://img.cocodiy.com/Images/200/160s.jpg,5600,大人科学星空投影灯,53.80
这是一本治愈心灵疑惑的神奇之书，它将带给你的不止是生活的指引，还有心灵的慰藉，请把你的疑惑在心理默念，然后怀着虔诚之心翻开这本书，它将会给你最好的答案。,good_7321,,http://img.cocodiy.com/Images/7400/7321s.jpg,5310,未卜先知答案之书,48.00
提供真人照片，专业的软陶手工艺人就可以为您全手工定做真人陶土公仔，高相似度，卡通Q版，神韵十足，可永久珍藏，打造专属礼物。,good_93,,http://img.cocodiy.com/Images/100/93s.jpg,7409,男士真人软陶公仔定制,198.00
根据您提供的真人照片，全手工定制的真人公仔，卡通Q版，保证相似度，不像不收费，附带玻璃防尘罩，可永久珍藏。,good_89,,http://img.cocodiy.com/Images/100/89s.jpg,5868,女士真人软陶公仔定制,266.00
送苹果寓意“平平安安，幸福一生”，粉水晶材质，生日、平安夜、寻常送礼皆宜。,good_6922,,http://img.cocodiy.com/Images/7000/6922s.jpg,69,粉水晶平安果项坠,29.00
圣诞节主题的水晶球音乐盒，会旋转会飘雪，各种圣诞节的卡通形象，和各种圣诞节主题曲目可选，亮晶晶的碎片便飞舞起来，水晶球还能这么浪漫呢。,good_7484,,http://img.cocodiy.com/Images/7500/7484s.jpg,14,圣诞节水晶球音乐盒,178.00
美国进口玩具，来自太空的智能机器人，360度旋转跳舞，头顶炫彩发光，还可互相格斗，快把神奇怪的它带给你的孩子吧。,good_6083,,http://img.cocodiy.com/Images/6100/6083s.jpg,328,机械战警智能机器人玩具,118.00
旋转木马是个见证爱情的游戏，只要真心相爱的两个人坐在旋转木马上，木马就会载他们到幸福的天堂，能够定制照片的唯美音乐盒，每一个细节都体现真情。,good_6831,,http://img.cocodiy.com/Images/6900/6831s.jpg,173,旋转木马定制照片音乐盒,149.00
迪士尼高档合金表壳，防摔防震，真皮表带佩戴舒适，表盘内镶有水钻更显小清新，很适合女学生佩戴的一款手表。,good_2513,,http://img.cocodiy.com/Images/2600/2513s.jpg,923,迪士尼简约学生手表,98.00
神秘的符号，创意又暗中传情，每颗巧克力上都有专属的莫尔斯代码，代表你的专属味道，黑白两色可选，送女友、女生都很适合。,good_8369,,http://img.cocodiy.com/Images/8400/8369s.jpg,43,莫尔斯密码巧克力礼盒,59.00
玫瑰，象征着“爱情”，永生花则寓意着“永不凋谢的鲜花”当玫瑰与永生花结合，代表着爱情永远也不会消失，很适合当做表达爱的礼物，送给挚爱的她，让她知道你的爱永久陪伴左右。,good_7916,,http://img.cocodiy.com/Images/8000/7916s.jpg,3,玻璃罩永生玫瑰花礼盒,298.00
可以发七彩光的兔子，可外插手机、MP3等放歌，送给兔子控女生的最佳礼物。,good_4940,,http://img.cocodiy.com/Images/5000/4940s.jpg,1868,七彩发光兔子公仔,54.00
这是一款可以定制照片创意灯箱，附送180张字母、数字、符号卡片，可以任意DIY自制祝福语和情话，制造惊喜浪漫就是这么简单。,good_7844,,http://img.cocodiy.com/Images/7900/7844s.jpg,56,DIY字母照片灯,168.00
仿佛每一个圣诞节都是与七彩的圣诞树相映成趣的，夜晚灯光效果展示，美轮美奂灯光加上音乐相伴，显得晶莹通透、光亮透明，仿佛进入了浪漫梦境。,good_6833,,http://img.cocodiy.com/Images/6900/6833s.jpg,369,圣诞飘雪音乐盒,188.00
可爱精致麋鹿造型的玩偶，既可以作为圣诞礼物送给孩子和朋友，还可以作为圣诞节装饰品，给家里营造圣诞节的节日气氛。,good_8378,,http://img.cocodiy.com/Images/8400/8378s.jpg,10,圣诞节毛绒麋鹿公仔,46.40
《遇见》巧克力表达的是美好的开始，有男生女生款哦，送巧克力代表，我想用巧克力融化你的心，玫瑰花象征着美好的爱情，打开后有9粒巧克力，代表长久的爱情，既浪漫又文艺，深入人心哦。,good_6645,,http://img.cocodiy.com/Images/6700/6645s.jpg,172,TORO遇见花束巧克力,89.00
可个性定制图案和文字，卡通人物雕刻活力四射，水晶八音盒发音魔幻迷人，送女友、女性朋友的浪漫礼物。,good_5471,,http://img.cocodiy.com/Images/5500/5471s.jpg,1162,水晶钢琴八音盒定制,89.00
传说流星能够实现许下的愿望，施华洛世奇水晶元素，璀璨流星样式，森系小清新必备喔，送女友、闺蜜、都很完美。,good_5531,,http://img.cocodiy.com/Images/5600/5531s.jpg,1037,925银流星水晶手链,189.00
好时KISSES正品巧克力，有圣诞节树形和心心相印两种瓶装款式可选，拼出浪漫，浓情示爱，送女友、老婆的浪漫甜蜜之选。,good_1183,,http://img.cocodiy.com/Images/1200/1183s.jpg,736,好时圣诞巧克力礼盒,138.00
十二星座主题的3D纸雕小夜灯，十二星座可选，晚上打开后的效果美伦美奂，是送给星座迷的首选好礼。,good_7401,,http://img.cocodiy.com/Images/7500/7401s.jpg,133,十二星座3D纸雕灯,43.90
925纯银制成，雪花图案的项坠让你如冰雪美人般端庄典雅，送女性的浪漫礼物。,good_5489,,http://img.cocodiy.com/Images/5500/5489s.jpg,1362,925银镶钻雪花项链,159.90
公主风女童手拎斜挎双用包，3周岁至12周岁小女孩专属的可爱包包，圆孩子一个公主的梦。,good_4993,,http://img.cocodiy.com/Images/5000/4993s.jpg,2385,粉嫩精灵公主包,48.80
平安夜也就是圣诞节前夕，是要送给重要的人苹果的，这一颗平安果采用一级水晶和水晶枝叶组合，造型精致优美，晶莹剔透，寓意着一生平安、幸福安康。,good_6840,,http://img.cocodiy.com/Images/6900/6840s.jpg,220,圣诞节水晶平安果,36.50
只需提供真人照片，设计师就可以为您原创定制卡通画相框，将人物与卡通元素相结合，逗趣又有纪念意义，赠送恋人、朋友、家人都很适合。,good_8469,,http://img.cocodiy.com/Images/8500/8469s.jpg,38,真人卡通画定制,89.00
这款心形的化妆镜不仅可以满足日常的化妆需要，还可以当做收纳台使用，而且在光线阴暗的地方具有自我调光功能，可以轻松化妆，很适合自留或者是送给闺蜜。,good_7285,,http://img.cocodiy.com/Images/7300/7285s.jpg,429,心形LED化妆镜台灯,169.00
可专属定制照片的小镜子，背面还可刻字，送女友、闺蜜及其它女性的专属礼物。,good_184,,http://img.cocodiy.com/Images/200/184s.jpg,961,DIY定制照片化妆镜,39.00
可爱的小鹿角项链，谐音“一路有你”，中间的宝石在手机手电筒光照下，可以投影出100种语言我爱你的图案，浪漫又惊喜，送给你心中的她。,good_8292,,http://img.cocodiy.com/Images/8300/8292s.jpg,36,一鹿有你情话投影项链,159.00
一款可以观赏的智能小夜灯，内置可爱微景观，可定时开关，可发七彩光，夜晚营造气氛伴睡都是很好的小伴侣。,good_5177,,http://img.cocodiy.com/Images/5200/5177s.jpg,458,创意微景观小夜灯,68.00
由三叶草和多颗佛珠组成的纤细手链，更有转运的神奇功效，适合于各种场合搭配，送女友、闺蜜、女生的小清新之选。,good_4971,,http://img.cocodiy.com/Images/5000/4971s.jpg,654,三叶草转运珠手链,129.90
一份送给她的暖冬礼盒套餐，内含一个北极熊暖手宝（同时也是一个充电宝哦）和一个兔子加湿器，这个冬天，要温暖，也要滋润。,good_5888,,http://img.cocodiy.com/Images/5900/5888s.jpg,7,暖手宝加湿器套装礼盒,169.00
香皂玫瑰+心形项链的表白礼盒，还有竹简情书可以定制，给TA最大的惊喜，礼盒内可刻字，是送女生、女友的浪漫表白神器。,good_5234,,http://img.cocodiy.com/Images/5300/5234s.jpg,290,香皂玫瑰+项链礼盒,119.00
圣诞老人主题的棒棒糖，每一颗都有不同的图案，好吃又好玩，送给孩子最好的圣诞礼物。,good_6309,,http://img.cocodiy.com/Images/6400/6309s.jpg,390,圣诞老人棒棒糖礼盒,32.80
圣诞苹果又称“平安果”，被称为爱情的圣果，多颗水晶先前的唯美苹果摆件，七彩颜色可选，精品礼盒包装，平安夜送同学、恋人、朋友无可挑剔。,good_4951,,http://img.cocodiy.com/Images/5000/4951s.jpg,438,圣诞节水晶苹果,19.80
纯手工打造的合金表链，璀璨大气，搭配小巧的镜面式表盘更凸显时尚，色泽灵蕴又是精致女表，送女性的大气奢雅礼物，附送原装礼盒。,good_4890,,http://img.cocodiy.com/Images/4900/4890s.jpg,2374,韩版时尚纤细手链表,158.00
可以刻字和定制图案的女士钱包，100%头层牛皮材质，多种可爱马卡龙色可选，独一无二的定制礼物，送她更显心意。,good_3456,,http://img.cocodiy.com/Images/3500/3456s.jpg,1697,女士真牛皮刻字钱包,158.00
星座主题的阳光罐子，每个星座都有专属的卡通图案，白天吸收阳光，夜晚可自动发光，还可定制文字和照片，不管是星座迷，还是同学、恋人，都是一份惊喜和感动。,good_6436,,http://img.cocodiy.com/Images/6500/6436s.jpg,1633,十二星座七彩阳光罐,85.00
日光倾城，也不及你的陪伴更温暖，原创麋鹿插画，手工小鹿巧克力造型，取出巧克力，罩上镂空封套，点亮赠送的小蜡烛，把最温暖的礼物送给TA。,good_1187,,http://img.cocodiy.com/Images/1200/1187s.jpg,564,一鹿有你巧克力礼盒,168.00
在夜幕下会发出七彩光的泰迪熊，自动变幻七彩色，美轮美奂。还可以蓝牙链接手机播放音乐，浪漫得让她心醉。,good_268,,http://img.cocodiy.com/Images/300/268s.jpg,990,发光音乐泰迪熊公仔,88.00
手工纸雕成的麋鹿小夜灯，它不仅是一盏气氛营造台灯，更是睡眠好助手，可以在45分钟内逐渐变暗慢慢熄灭，伴你入睡。,good_499,,http://img.cocodiy.com/Images/500/499s.jpg,248,麋鹿镂空纸雕灯,75.00
24K真金金箔精制而成，浪漫、唯美、永恒，永不凋谢的玫瑰，送心形底座，可免费刻字。,good_4358,,http://img.cocodiy.com/Images/4400/4358s.jpg,630,24K金箔玫瑰花,138.00
最时尚的点烟方式，USB充电实用便携，18种图案玩转指尖，在乐趣中玩转打火，支持专属刻字，送男友、男性朋友的流行礼物。,good_5231,,http://img.cocodiy.com/Images/5300/5231s.jpg,866,指尖陀螺发光打火机,53.00
水晶内部3D雕刻玫瑰花，搭配可发光底座，还可根据您的要求免费刻字，送给女生的浪漫礼物。,good_345,,http://img.cocodiy.com/Images/400/345s.jpg,436,发光水晶玫瑰花摆件,39.00
超萌的小天使和小恶魔，既是充电宝，也是暖手宝，一物两用，好玩又实用，炫酷又有创意，十分适合送人哦。,good_7735,,http://img.cocodiy.com/Images/7800/7735s.jpg,164,小天使恶魔暖手充电宝,139.00
永不凋谢的鲜花，满天星、薰衣草、玫瑰花等可选，12种可遥控的灯光颜色，呈现在极具浪漫情怀玻璃筒内，干花礼盒，香气四溢，可以永久保存，让你的爱陪伴在她的每一天。,good_8086,,http://img.cocodiy.com/Images/8100/8086s.jpg,92,满天星永生花彩灯,59.00
充满个性的爱情纪念金银卡，免费激光刻字，刻上您专属的名字，27谐音“爱妻”，5201314代表“爱你一生一世”，还有多种数字可选。,good_2282,,http://img.cocodiy.com/Images/2300/2282s.jpg,586,DIY千足银爱情银卡定制,77.70
红木制成的镂空相册，封面可自由刻字，多种款式可选，无论是恋爱纪念、毕业、家庭纪念都很合适。,good_4094,,http://img.cocodiy.com/Images/4100/4094s.jpg,899,DIY木质刻字相册 纪念册,48.00
精致的纸雕镌刻上海贼王的背景，让人不禁想起曾经追番的岁月，这款立体感十足的纸雕灯将人物与光影融为一体，亮度可以调节还能够设置时间，很贴心。可以当做礼物，送给喜欢海贼王的TA。,good_7949,,http://img.cocodiy.com/Images/8000/7949s.jpg,82,3D光影纸雕灯,92.80
不可多得的创意礼物，自己动手拼装的迷你小屋，音质干净的机械八音盒，拍手即亮即灭的声控灯，全景防尘罩，无死角观赏。,good_325,,http://img.cocodiy.com/Images/400/325s.jpg,4743,独立别墅手工拼装屋,258.00
唯美心形水晶，可将你的心意定制在水晶里。音乐盒底座可蓝牙链接播放歌曲，还会七彩发光并且旋转。水晶边旋转边变幻颜色，美轮美奂喔。,good_294,,http://img.cocodiy.com/Images/300/294s.jpg,2300,水晶之恋旋转音乐盒,112.00
DIY自己动手拼装的豪华别墅小屋，声控开关，带音乐，精美礼盒，送女生、孩子绝佳首选。,good_159,,http://img.cocodiy.com/Images/200/159s.jpg,3045,西雅图别墅手工拼装小屋,108.00
四叶草代表着“真爱、健康、名誉和财富”，更是幸运的象征，纤细小巧的手链式表带，妹纸们的最爱，送女友女生为她带来好运。,good_2514,,http://img.cocodiy.com/Images/2600/2514s.jpg,3841,幸运四叶草女生手链表,99.00
真玫瑰，经特殊工艺加工制成的永生花，加上小彩灯和玻璃罩，美伦美奂的礼物。献礼永不凋谢的爱情，给心爱之人一份永久的承诺。,good_8362,,http://img.cocodiy.com/Images/8400/8362s.jpg,356,许愿流光永生花,119.00
可以定制照片的抱枕，图案清晰，不掉色不褪色，永久纪念的个性礼物。,good_1669,,http://img.cocodiy.com/Images/1700/1669s.jpg,3060,创意照片抱枕定制,30.80
给生活一点宁静，找回最初的童真，圣诞节主题，3色梦幻彩灯，还有埃菲尔铁塔、卡通、摩天轮等多种浪漫元素。,good_5971,,http://img.cocodiy.com/Images/6000/5971s.jpg,2318,3D立体LED小夜灯,38.00
随着沙粒堆积，灯光渐渐被沙子淹没，15分钟后沙粒全部流光，伴TA安详的进入梦乡，送给朋友、恋人和孩子的创意之选。,good_5523,,http://img.cocodiy.com/Images/5600/5523s.jpg,2132,伴睡沙漏小夜灯,128.00
皎洁的月光下坐着一对相互依偎的情侣，一盏充满浪漫情怀的台灯，可充电式设计，送情侣送朋友都是非常文艺范儿的礼物。,good_7729,,http://img.cocodiy.com/Images/7800/7729s.jpg,342,月球情景氛围灯,179.00
可个性刻字的水晶篮球，还可附加球队LOGO，独一无二的纪念礼物，送给男友、兄弟、爱运动人士的最佳之选。,good_5882,,http://img.cocodiy.com/Images/5900/5882s.jpg,5168,NBA水晶篮球摆件,38.00
一盏简约不简单的神灯，是台灯又是音箱，可设置闹钟，可变幻不同的颜色，蓝牙功能……功能太强大，画面太美，不敢想象，支持个性刻字。,good_3400,,http://img.cocodiy.com/Images/3500/3400s.jpg,2213,智能音乐阿拉神灯,228.00
法国整装进口，面点师是MOF认证的，外壳一咬即破，内馅口感层次丰富，24种纯天然果馅，没有为中国大众口感而去妥协加些奶油或者黄油，欧盟食品安全标准，这才是正宗的马卡龙，送礼更具心意。,good_916,,http://img.cocodiy.com/Images/1000/916s.jpg,2940,法国马卡龙甜点12粒礼盒,199.00
十二星座主题的水晶苹果，还可定制星座图案和照片，水晶苹果寓意“平平安安”，送给恋人、朋友、同学都非常合适。,good_6076,,http://img.cocodiy.com/Images/6100/6076s.jpg,536,十二星座水晶苹果,55.00
创意纪念币定制，可免费刻字，更可以定制照片，独一无二，专属定制，送给ta的可珍藏一辈子的礼物。,good_2692,,http://img.cocodiy.com/Images/2700/2692s.jpg,2464,创意刻字纪念币定制,69.00
3D梦幻的水晶球音乐盒，配有音乐盒底座和其它图案，可永久保存，送礼更有心意。,good_5066,,http://img.cocodiy.com/Images/5100/5066s.jpg,2336,3D水晶球音乐盒,135.00
可以随意捏捏捏的萌宠灯，不开心的时候它就是你的出气筒，一拍就变色，七彩灯光变变变，小玩TA会上瘾哦。,good_6414,,http://img.cocodiy.com/Images/6500/6414s.jpg,2180,七彩萌宠减压夜灯,59.00
天然湘竹复古书简，镌刻最真挚热烈的情话，搭配99.9%金箔真金玫瑰，至纯至真，永不凋谢的浪漫，完美的爱情信物。,good_113,,http://img.cocodiy.com/Images/200/113s.jpg,2727,金玫瑰花竹简情书套装,298.00
一款专为表白示爱设计的大礼盒，内含糖果、巧克力、金玫瑰花、小熊公仔等，愿所有的美好如期而至，愿你能感应我对你的深情爱意。,good_13,,http://img.cocodiy.com/Images/100/13s.jpg,459,会说情话的糖果礼盒,79.80
